Aint,K0,classe,l_nm,Q1,Q2,area1,area2,iters,torque
0.0200,0.1500,EXPLODE,46.5095,-1.0000,+1.0000,0.4516,0.4516,73725,9.976e-06
0.0200,0.1750,EXPLODE,41.0358,-1.0000,+1.0000,0.4424,0.4424,65850,9.968e-06
0.0200,0.2000,EXPLODE,60.7815,-1.0000,+1.0000,0.4320,0.4320,60175,9.975e-06
0.0200,0.2250,EXPLODE,65.7656,-1.0000,+1.0000,0.4196,0.4196,55975,9.983e-06
0.0200,0.2500,EXPLODE,49.9842,-1.0000,+1.0000,0.4064,0.4064,53825,9.964e-06
0.0200,0.2750,EXPLODE,67.6492,-1.0000,+1.0000,0.3852,0.3852,60225,9.979e-06
0.0200,0.3000,EXPLODE,38.3682,-1.0000,+1.0000,0.3616,0.3616,77200,9.981e-06
0.0200,0.3250,EXPLODE,29.4515,-1.0000,+1.0000,0.3244,0.3244,115150,9.995e-06
0.0200,0.3500,EXPLODE,0.0000,-1.0000,+1.0000,0.2392,0.2392,198450,9.993e-06
0.0200,0.3750,EXPLODE,0.5797,-1.0000,+1.0000,0.1304,0.1304,115075,9.987e-06
0.0200,0.4000,COAXIAL,0.0168,-1.0000,+1.0000,0.0820,0.0820,73850,9.970e-06
0.0200,0.4250,COAXIAL,0.0061,-1.0000,+1.0000,0.0584,0.0584,86775,9.994e-06
0.0200,0.4500,COAXIAL,0.0071,-1.0000,+1.0000,0.0432,0.0432,112275,9.978e-06
0.0200,0.4750,COAXIAL,0.0096,-1.0000,+1.0000,0.0332,0.0332,155250,9.995e-06
0.0200,0.5000,COAXIAL,0.0156,-1.0000,+1.0000,0.0256,0.0256,244750,9.997e-06
0.0200,0.5250,COAXIAL,0.0428,-1.0000,+1.0000,0.0208,0.0208,563900,9.996e-06
0.0200,0.5500,NONCOAXIAL,6.5333,-1.0000,+1.0000,0.0166,0.0166,395250,9.998e-06
0.0200,0.5750,NONCOAXIAL,9.8733,-1.0000,+1.0000,0.0134,0.0134,132350,9.998e-06
0.0200,0.6000,NONCOAXIAL,10.9529,-1.0000,+1.0000,0.0110,0.0110,124875,9.997e-06
0.0200,0.6250,NONCOAXIAL,11.4112,-1.0000,+1.0000,0.0094,0.0094,129250,9.993e-06
0.0200,0.6500,NONCOAXIAL,11.5920,-1.0000,+1.0000,0.0082,0.0082,130825,9.995e-06
0.0200,0.6750,NONCOAXIAL,11.6299,-1.0000,+1.0000,0.0068,0.0068,133875,9.996e-06
0.0200,0.7000,NONCOAXIAL,11.5869,-1.0000,+1.0000,0.0058,0.0058,138750,9.995e-06
0.0200,0.7250,NONCOAXIAL,11.4956,-1.0000,+1.0000,0.0050,0.0050,145150,9.999e-06
0.0200,0.7500,NONCOAXIAL,11.3743,-1.0000,+1.0000,0.0044,0.0044,153300,9.995e-06
0.0200,0.7750,NONCOAXIAL,11.2338,-1.0000,+1.0000,0.0036,0.0036,163875,9.991e-06
0.0200,0.8000,NONCOAXIAL,11.0798,-1.0000,+1.0000,0.0030,0.0030,178200,9.995e-06
0.0200,0.8250,NONCOAXIAL,10.9111,-1.0000,+1.0000,0.0026,0.0026,201975,9.996e-06
0.0200,0.8500,COLLAPSE,14.0000,-0.0000,+0.0000,0.0000,0.0000,5850,8.523e-06
0.0400,0.1000,EXPLODE,46.5099,-1.0000,+1.0000,0.4516,0.4516,69325,9.969e-06
0.0400,0.1250,EXPLODE,53.9088,-1.0000,+1.0000,0.4424,0.4424,56100,9.986e-06
0.0400,0.1500,EXPLODE,60.7821,-1.0000,+1.0000,0.4320,0.4320,47825,9.997e-06
0.0400,0.1750,EXPLODE,65.7694,-1.0000,+1.0000,0.4196,0.4196,44175,9.998e-06
0.0400,0.2000,EXPLODE,70.6936,-1.0000,+1.0000,0.4064,0.4064,49775,9.962e-06
0.0400,0.2250,EXPLODE,67.6485,-1.0000,+1.0000,0.3852,0.3852,59725,9.937e-06
0.0400,0.2500,EXPLODE,0.0000,-1.0000,+1.0000,0.3616,0.3616,77250,9.976e-06
0.0400,0.2750,EXPLODE,0.0000,-1.0000,+1.0000,0.3244,0.3244,115250,9.994e-06
0.0400,0.3000,EXPLODE,0.0000,-1.0000,+1.0000,0.2392,0.2392,198550,9.993e-06
0.0400,0.3250,EXPLODE,0.0000,-1.0000,+1.0000,0.1304,0.1304,115175,9.996e-06
0.0400,0.3500,COAXIAL,0.0141,-1.0000,+1.0000,0.0820,0.0820,65675,9.993e-06
0.0400,0.3750,COAXIAL,0.0044,-1.0000,+1.0000,0.0584,0.0584,63650,9.984e-06
0.0400,0.4000,COAXIAL,0.0056,-1.0000,+1.0000,0.0432,0.0432,87125,9.975e-06
0.0400,0.4250,COAXIAL,0.0088,-1.0000,+1.0000,0.0332,0.0332,137900,9.993e-06
0.0400,0.4500,COAXIAL,0.0248,-1.0000,+1.0000,0.0256,0.0256,333000,9.991e-06
0.0400,0.4750,NONCOAXIAL,7.6850,-1.0000,+1.0000,0.0194,0.0194,210050,9.996e-06
0.0400,0.5000,NONCOAXIAL,10.6949,-1.0000,+1.0000,0.0152,0.0152,46450,9.977e-06
0.0400,0.5250,NONCOAXIAL,11.6305,-1.0000,+1.0000,0.0126,0.0126,75375,9.999e-06
0.0400,0.5500,NONCOAXIAL,12.0075,-1.0000,+1.0000,0.0112,0.0112,74775,9.976e-06
0.0400,0.5750,NONCOAXIAL,12.1364,-1.0000,+1.0000,0.0088,0.0088,74900,9.985e-06
0.0400,0.6000,NONCOAXIAL,12.1364,-1.0000,+1.0000,0.0080,0.0080,76225,9.980e-06
0.0400,0.6250,NONCOAXIAL,12.0632,-1.0000,+1.0000,0.0068,0.0068,78500,9.998e-06
0.0400,0.6500,NONCOAXIAL,11.9466,-1.0000,+1.0000,0.0056,0.0056,81825,9.989e-06
0.0400,0.6750,NONCOAXIAL,11.8035,-1.0000,+1.0000,0.0052,0.0052,85850,9.985e-06
0.0400,0.7000,NONCOAXIAL,11.6442,-1.0000,+1.0000,0.0042,0.0042,90925,9.994e-06
0.0400,0.7250,NONCOAXIAL,11.4746,-1.0000,+1.0000,0.0036,0.0036,97375,9.995e-06
0.0400,0.7500,NONCOAXIAL,11.2976,-1.0000,+1.0000,0.0028,0.0028,105875,9.994e-06
0.0600,0.1000,EXPLODE,42.9750,-1.0000,+1.0000,0.4320,0.4320,71250,9.983e-06
0.0600,0.1250,EXPLODE,65.7646,-1.0000,+1.0000,0.4196,0.4196,51900,9.978e-06
0.0600,0.1500,EXPLODE,49.9873,-1.0000,+1.0000,0.4064,0.4064,50050,9.938e-06
0.0600,0.1750,EXPLODE,47.8347,-1.0000,+1.0000,0.3852,0.3852,59800,9.996e-06
0.0600,0.2000,EXPLODE,38.3681,-1.0000,+1.0000,0.3616,0.3616,77475,9.973e-06
0.0600,0.2250,EXPLODE,0.0000,-1.0000,+1.0000,0.3244,0.3244,115550,9.971e-06
0.0600,0.2500,EXPLODE,0.0000,-1.0000,+1.0000,0.2392,0.2392,198925,9.990e-06
0.0600,0.2750,EXPLODE,0.0000,-1.0000,+1.0000,0.1304,0.1304,115825,9.989e-06
0.0600,0.3000,COAXIAL,0.0140,-1.0000,+1.0000,0.0820,0.0820,66675,9.999e-06
0.0600,0.3250,COAXIAL,0.0049,-1.0000,+1.0000,0.0584,0.0584,67100,9.970e-06
0.0600,0.3500,COAXIAL,0.0077,-1.0000,+1.0000,0.0432,0.0432,108925,9.987e-06
0.0600,0.3750,COAXIAL,0.0275,-1.0000,+1.0000,0.0332,0.0332,322550,9.996e-06
0.0600,0.4000,NONCOAXIAL,9.6739,-1.0000,+1.0000,0.0222,0.0222,113500,9.999e-06
0.0600,0.4250,NONCOAXIAL,11.8151,-1.0000,+1.0000,0.0172,0.0172,51050,9.981e-06
0.0600,0.4500,NONCOAXIAL,12.5151,-1.0000,+1.0000,0.0148,0.0148,54625,9.988e-06
0.0600,0.4750,NONCOAXIAL,12.7671,-1.0000,+1.0000,0.0120,0.0120,53500,9.986e-06
0.0600,0.5000,NONCOAXIAL,12.8159,-1.0000,+1.0000,0.0104,0.0104,53450,9.971e-06
0.0600,0.5250,NONCOAXIAL,12.7574,-1.0000,+1.0000,0.0086,0.0086,54275,9.999e-06
0.0600,0.5500,NONCOAXIAL,12.6382,-1.0000,+1.0000,0.0076,0.0076,55825,9.989e-06
0.0600,0.5750,NONCOAXIAL,12.4834,-1.0000,+1.0000,0.0064,0.0064,57875,9.993e-06
0.0600,0.6000,NONCOAXIAL,12.3080,-1.0000,+1.0000,0.0054,0.0054,60425,9.986e-06
0.0600,0.6250,NONCOAXIAL,12.1207,-1.0000,+1.0000,0.0052,0.0052,63600,9.981e-06
0.0600,0.6500,NONCOAXIAL,11.9271,-1.0000,+1.0000,0.0044,0.0044,67425,9.996e-06
0.0600,0.6750,NONCOAXIAL,11.7301,-1.0000,+1.0000,0.0034,0.0034,72125,9.989e-06
0.0600,0.7000,NONCOAXIAL,11.5308,-1.0000,+1.0000,0.0030,0.0030,78275,9.992e-06
0.0600,0.7250,NONCOAXIAL,11.3261,-1.0000,+1.0000,0.0026,0.0026,87500,9.997e-06
0.0600,0.7500,COLLAPSE,22.0000,-0.0000,+0.0000,0.0000,0.0000,7400,8.993e-06
0.0800,0.1000,EXPLODE,49.9634,-1.0000,+1.0000,0.4064,0.4064,118625,9.993e-06
0.0800,0.1250,EXPLODE,47.8413,-1.0000,+1.0000,0.3852,0.3852,62275,9.991e-06
0.0800,0.1500,EXPLODE,38.3681,-1.0000,+1.0000,0.3616,0.3616,77950,9.974e-06
0.0800,0.1750,EXPLODE,0.0000,-1.0000,+1.0000,0.3244,0.3244,116200,9.978e-06
0.0800,0.2000,EXPLODE,0.0000,-1.0000,+1.0000,0.2392,0.2392,199925,9.995e-06
0.0800,0.2250,EXPLODE,0.0000,-1.0000,+1.0000,0.1304,0.1304,117725,9.984e-06
0.0800,0.2500,COAXIAL,0.0150,-1.0000,+1.0000,0.0820,0.0820,73000,9.992e-06
0.0800,0.2750,COAXIAL,0.0097,-1.0000,+1.0000,0.0582,0.0582,113900,9.987e-06
0.0800,0.3000,AMBIGUOUS,2.8956,-1.0000,+1.0000,0.0428,0.0428,600000,3.520e-05
0.0800,0.3250,NONCOAXIAL,12.1159,-1.0000,+1.0000,0.0260,0.0260,61300,9.974e-06
0.0800,0.3500,NONCOAXIAL,13.2972,-1.0000,+1.0000,0.0204,0.0204,43400,9.996e-06
0.0800,0.3750,NONCOAXIAL,13.6745,-1.0000,+1.0000,0.0166,0.0166,42575,9.991e-06
0.0800,0.4000,NONCOAXIAL,13.7500,-1.0000,+1.0000,0.0134,0.0134,41775,9.983e-06
0.0800,0.4250,NONCOAXIAL,13.6811,-1.0000,+1.0000,0.0120,0.0120,41800,1.000e-05
0.0800,0.4500,NONCOAXIAL,13.5356,-1.0000,+1.0000,0.0104,0.0104,42500,9.965e-06
0.0800,0.4750,NONCOAXIAL,13.3480,-1.0000,+1.0000,0.0086,0.0086,43600,9.995e-06
0.0800,0.5000,NONCOAXIAL,13.1373,-1.0000,+1.0000,0.0074,0.0074,45150,9.958e-06
0.0800,0.5250,NONCOAXIAL,12.9147,-1.0000,+1.0000,0.0064,0.0064,47000,9.978e-06
0.0800,0.5500,NONCOAXIAL,12.6871,-1.0000,+1.0000,0.0056,0.0056,49175,9.996e-06
0.0800,0.5750,NONCOAXIAL,12.4587,-1.0000,+1.0000,0.0052,0.0052,51750,9.981e-06
0.0800,0.6000,NONCOAXIAL,12.2317,-1.0000,+1.0000,0.0044,0.0044,54850,9.995e-06
0.0800,0.6250,NONCOAXIAL,12.0073,-1.0000,+1.0000,0.0032,0.0032,58650,1.000e-05
0.0800,0.6500,NONCOAXIAL,11.7850,-1.0000,+1.0000,0.0032,0.0032,63300,9.987e-06
0.0800,0.6750,NONCOAXIAL,11.5618,-1.0000,+1.0000,0.0028,0.0028,70125,9.995e-06
0.0800,0.7000,COLLAPSE,26.0000,-0.0000,+0.0000,0.0000,0.0000,11975,8.575e-06
0.0800,0.7250,COLLAPSE,26.0000,-0.0000,+0.0000,0.0000,0.0000,4500,7.976e-06
0.0800,0.7500,COLLAPSE,26.0000,-0.0000,+0.0000,0.0000,0.0000,3625,9.430e-06
0.1000,0.1000,EXPLODE,40.5465,-1.0000,+1.0000,0.3632,0.3632,165825,9.987e-06
0.1000,0.1250,EXPLODE,29.4519,-1.0000,+1.0000,0.3244,0.3244,118725,9.989e-06
0.1000,0.1500,EXPLODE,21.3596,-1.0000,+1.0000,0.2392,0.2392,204150,9.994e-06
0.1000,0.1750,EXPLODE,0.5797,-1.0000,+1.0000,0.1304,0.1304,127900,9.989e-06
0.1000,0.2000,COAXIAL,0.0398,-1.0000,+1.0000,0.0820,0.0820,236450,9.986e-06
0.1000,0.2250,NONCOAXIAL,13.4517,-1.0000,+1.0000,0.0422,0.0422,81325,9.983e-06
0.1000,0.2500,NONCOAXIAL,14.9272,-1.0000,+1.0000,0.0304,0.0304,30875,9.986e-06
0.1000,0.2750,NONCOAXIAL,15.2474,-1.0000,+1.0000,0.0236,0.0236,35450,9.987e-06
0.1000,0.3000,NONCOAXIAL,15.2239,-1.0000,+1.0000,0.0196,0.0196,34650,9.971e-06
0.1000,0.3250,NONCOAXIAL,15.0531,-1.0000,+1.0000,0.0162,0.0162,34300,9.988e-06
0.1000,0.3500,NONCOAXIAL,14.8119,-1.0000,+1.0000,0.0136,0.0136,34450,9.997e-06
0.1000,0.3750,NONCOAXIAL,14.5369,-1.0000,+1.0000,0.0116,0.0116,35175,9.995e-06
0.1000,0.4000,NONCOAXIAL,14.2471,-1.0000,+1.0000,0.0098,0.0098,36050,9.990e-06
0.1000,0.4250,NONCOAXIAL,13.9534,-1.0000,+1.0000,0.0086,0.0086,37225,9.975e-06
0.1000,0.4500,NONCOAXIAL,13.6617,-1.0000,+1.0000,0.0076,0.0076,38600,9.993e-06
0.1000,0.4750,NONCOAXIAL,13.3757,-1.0000,+1.0000,0.0062,0.0062,40225,9.951e-06
0.1000,0.5000,NONCOAXIAL,13.0973,-1.0000,+1.0000,0.0058,0.0058,42125,9.977e-06
0.1000,0.5250,NONCOAXIAL,12.8272,-1.0000,+1.0000,0.0050,0.0050,44300,9.975e-06
0.1000,0.5500,NONCOAXIAL,12.5657,-1.0000,+1.0000,0.0044,0.0044,46950,9.962e-06
0.1000,0.5750,NONCOAXIAL,12.3122,-1.0000,+1.0000,0.0032,0.0032,50050,9.972e-06
0.1000,0.6000,NONCOAXIAL,12.0654,-1.0000,+1.0000,0.0032,0.0032,53875,9.999e-06
0.1000,0.6250,NONCOAXIAL,11.8220,-1.0000,+1.0000,0.0028,0.0028,59100,9.982e-06
0.1000,0.6500,NONCOAXIAL,11.5662,-1.0000,+1.0000,0.0020,0.0020,69450,9.984e-06
0.1000,0.6750,COLLAPSE,28.0000,-0.0000,-0.0000,0.0000,0.0000,4900,8.397e-06
0.1000,0.7000,COLLAPSE,28.0000,+0.0000,-0.0000,0.0000,0.0000,3775,8.501e-06
0.1000,0.7250,COLLAPSE,28.0000,+0.0000,+0.0000,0.0000,0.0000,3275,9.665e-06
0.1000,0.7500,COLLAPSE,28.0000,+0.0000,+0.0000,0.0000,0.0000,3050,7.322e-06
0.1200,0.1000,EXPLODE,29.3794,-1.0000,+1.0000,0.2535,0.2535,354000,9.980e-06
0.1200,0.1250,NONCOAXIAL,19.5345,-1.0000,+1.0000,0.0758,0.0758,88850,9.987e-06
0.1200,0.1500,NONCOAXIAL,19.1973,-1.0000,+1.0000,0.0502,0.0502,43600,9.968e-06
0.1200,0.1750,NONCOAXIAL,18.5855,-1.0000,+1.0000,0.0372,0.0372,25475,9.987e-06
0.1200,0.2000,NONCOAXIAL,17.9817,-1.0000,+1.0000,0.0286,0.0286,29575,9.993e-06
0.1200,0.2250,NONCOAXIAL,17.4068,-1.0000,+1.0000,0.0228,0.0228,29375,9.890e-06
0.1200,0.2500,NONCOAXIAL,16.8626,-1.0000,+1.0000,0.0194,0.0194,29300,9.922e-06
0.1200,0.2750,NONCOAXIAL,16.3533,-1.0000,+1.0000,0.0162,0.0162,29650,9.960e-06
0.1200,0.3000,NONCOAXIAL,15.8756,-1.0000,+1.0000,0.0134,0.0134,30225,9.940e-06
0.1200,0.3250,NONCOAXIAL,15.4272,-1.0000,+1.0000,0.0116,0.0116,31000,9.946e-06
0.1200,0.3500,NONCOAXIAL,15.0060,-1.0000,+1.0000,0.0102,0.0102,31900,9.971e-06
0.1200,0.3750,NONCOAXIAL,14.6100,-1.0000,+1.0000,0.0088,0.0088,32975,9.966e-06
0.1200,0.4000,NONCOAXIAL,14.2370,-1.0000,+1.0000,0.0078,0.0078,34250,9.960e-06
0.1200,0.4250,NONCOAXIAL,13.8852,-1.0000,+1.0000,0.0066,0.0066,35700,9.939e-06
0.1200,0.4500,NONCOAXIAL,13.5525,-1.0000,+1.0000,0.0058,0.0058,37425,9.970e-06
0.1200,0.4750,NONCOAXIAL,13.2373,-1.0000,+1.0000,0.0050,0.0050,39300,9.961e-06
0.1200,0.5000,NONCOAXIAL,12.9378,-1.0000,+1.0000,0.0044,0.0044,41475,9.997e-06
0.1200,0.5250,NONCOAXIAL,12.6520,-1.0000,+1.0000,0.0036,0.0036,44100,9.949e-06
0.1200,0.5500,NONCOAXIAL,12.3778,-1.0000,+1.0000,0.0032,0.0032,47275,9.990e-06
0.1200,0.5750,NONCOAXIAL,12.1115,-1.0000,+1.0000,0.0032,0.0032,51500,9.991e-06
0.1200,0.6000,NONCOAXIAL,11.8437,-1.0000,+1.0000,0.0022,0.0022,58300,9.992e-06
0.1200,0.6250,COLLAPSE,30.0000,-0.0000,-0.0000,0.0000,0.0000,5700,8.658e-06
0.1200,0.6500,COLLAPSE,30.0000,+0.0000,+0.0000,0.0000,0.0000,3950,9.185e-06
0.1200,0.6750,COLLAPSE,30.0000,+0.0000,-0.0000,0.0000,0.0000,3375,9.094e-06
0.1200,0.7000,COLLAPSE,30.0000,+0.0000,+0.0000,0.0000,0.0000,3125,6.641e-06
0.1200,0.7250,COLLAPSE,30.0000,+0.0000,-0.0000,0.0000,0.0000,2900,7.670e-06
0.1200,0.7500,COLLAPSE,30.0000,-0.0000,+0.0000,0.0000,0.0000,2775,6.842e-06
